system,query_id,p@5,recall@5,mrr@5,map@5,ndcg@5,p@10,recall@10,mrr@10,map@10,ndcg@10,latency_ms
BM25,Q001,1.0,0.3333333333333333,1.0,1.0,0.7765732350040719,1.0,0.6666666666666666,1.0,1.0,0.804728967479669,249.09240000124555
BM25,Q002,0.8,0.3333333333333333,1.0,0.8,0.7618017901203944,0.7,0.5833333333333334,1.0,0.639047619047619,0.7122231129391446,48.81240000395337
BM25,Q003,1.0,0.29411764705882354,1.0,1.0,0.934397461243829,0.8,0.47058823529411764,1.0,0.7434920634920634,0.772916989214057,37.701599998399615
BM25,Q004,1.0,0.3125,1.0,1.0,1.0,1.0,0.625,1.0,1.0,1.0,36.143400000582915
BM25,Q005,1.0,0.5,1.0,1.0,1.0,0.9,0.9,1.0,0.89,0.9530884593344954,39.90049999993062
BM25,Q006,1.0,0.5555555555555556,1.0,1.0,1.0,0.8,0.8888888888888888,1.0,0.8419753086419752,0.915446269161721,38.631099996564444
BM25,Q007,1.0,0.5,1.0,1.0,0.9218382134470557,0.7,0.7,1.0,0.7,0.811934538515486,29.44710000156192
BM25,Q008,0.6,0.375,1.0,0.55,0.7753926834409677,0.4,0.5,1.0,0.4270833333333333,0.6899844518194598,31.710700000985526
BM25,Q009,0.4,0.2,1.0,0.27999999999999997,0.469909445244515,0.5,0.5,1.0,0.3026984126984127,0.6044897895111471,22.840700003143866
BM25,Q010,1.0,0.5,1.0,1.0,0.9269658250786468,0.8,0.8,1.0,0.78,0.8211852358385661,22.30779999808874
BM25,Q011,1.0,0.3125,1.0,1.0,1.0,1.0,0.625,1.0,1.0,1.0,25.228799997421447
BM25,Q012,0.8,0.21052631578947367,1.0,0.76,0.7883291114011227,0.9,0.47368421052631576,1.0,0.8154365079365078,0.8295129650824444,32.7982000017073
BM25,Q013,1.0,0.38461538461538464,1.0,1.0,1.0,1.0,0.7692307692307693,1.0,1.0,0.9542781950617818,42.78639999392908
BM25,Q014,1.0,0.3125,1.0,1.0,1.0,1.0,0.625,1.0,1.0,1.0,40.07439999986673
BM25,Q015,1.0,0.45454545454545453,1.0,1.0,1.0,1.0,0.9090909090909091,1.0,1.0,1.0,37.59040000295499
BM25,Q016,1.0,0.23809523809523808,1.0,1.0,0.7543701539552121,1.0,0.47619047619047616,1.0,1.0,0.840603037057637,32.93420000409242
BM25,Q017,1.0,0.2777777777777778,1.0,1.0,1.0,1.0,0.5555555555555556,1.0,1.0,0.9633180389503201,29.136799996194895
BM25,Q018,1.0,0.4166666666666667,1.0,1.0,1.0,0.9,0.75,1.0,0.9,0.9566910931536179,27.10510000179056
BM25,Q019,0.8,0.2222222222222222,1.0,0.6433333333333333,0.6473770215879483,0.8,0.4444444444444444,1.0,0.6582142857142856,0.6682356306167905,33.6332999941078
BM25,Q020,1.0,0.2631578947368421,1.0,1.0,0.7543701539552121,1.0,0.5263157894736842,1.0,1.0,0.9364981463868131,36.724199999298435
BM25,Q021,1.0,0.2631578947368421,1.0,1.0,0.7765732350040719,0.8,0.42105263157894735,1.0,0.7327777777777778,0.6714387322423829,45.30199999862816
BM25,Q022,0.8,0.26666666666666666,1.0,0.71,0.7234267649959281,0.9,0.6,1.0,0.7904365079365079,0.874347715700755,50.962300003448036
BM25,Q023,1.0,0.5555555555555556,1.0,1.0,1.0,0.6,0.6666666666666666,1.0,0.6507936507936507,0.7996610219584861,50.694099998509046
BM25,Q024,0.2,1.0,1.0,1.0,1.0,0.1,1.0,1.0,1.0,1.0,39.223400002811104
BM25,Q025,0.8,0.5714285714285714,1.0,0.71,0.830419897363192,0.7,1.0,1.0,0.8486394557823128,0.942018912975622,49.020099999324884
BM25,Q026,1.0,0.4166666666666667,1.0,1.0,0.8613632863224759,1.0,0.8333333333333334,1.0,1.0,0.8879217192836512,54.99540000164416
BM25,Q027,1.0,0.35714285714285715,1.0,1.0,1.0,0.9,0.6428571428571429,1.0,0.8521031746031745,0.9216017310213247,32.26120000181254
BM25,Q028,0.4,0.08695652173913043,1.0,0.27999999999999997,0.6045023477188619,0.7,0.30434782608695654,1.0,0.44630952380952377,0.7183025892921426,49.31370000122115
BM25,Q029,1.0,0.21739130434782608,1.0,1.0,1.0,1.0,0.43478260869565216,1.0,1.0,0.9681896059005243,44.074600002204534
BM25,Q030,1.0,0.4166666666666667,1.0,1.0,0.9557034395662896,1.0,0.8333333333333334,1.0,1.0,0.9656479583489962,49.706700003298465
BM25,Q031,1.0,0.38461538461538464,1.0,1.0,1.0,0.8,0.6153846153846154,1.0,0.8,0.8701249883466594,49.951300003158394
BM25,Q032,1.0,0.4166666666666667,1.0,1.0,1.0,1.0,0.8333333333333334,1.0,1.0,1.0,49.539899999217596
BM25,Q033,0.6,0.2727272727272727,1.0,0.55,0.7626089347265247,0.6,0.5454545454545454,1.0,0.488095238095238,0.7283660559089892,41.8502999964403
BM25,Q034,0.8,0.36363636363636365,1.0,0.8,0.9020243604942442,0.9,0.8181818181818182,1.0,0.8354365079365079,0.930215808356812,53.51849999715341
BM25,Q035,1.0,0.2,1.0,1.0,1.0,1.0,0.4,1.0,1.0,1.0,40.08400000020629
BM25,Q036,0.8,0.5,1.0,0.76,0.7687214871887766,0.5,0.625,1.0,0.5642857142857143,0.6965309139307638,24.831700000504497
BM25,Q037,0.0,0.0,0.0,0.0,0.0,0.0,0.0,0.0,0.0,0.0,43.44180000043707
BM25,Q038,1.0,0.45454545454545453,1.0,1.0,1.0,0.7,0.6363636363636364,1.0,0.6875,0.850444604953222,28.498200001195073
BM25,Q039,1.0,0.45454545454545453,1.0,1.0,1.0,0.8,0.7272727272727273,1.0,0.7327777777777778,0.8482378089219648,28.774699996574782
BM25,Q040,0.2,0.25,1.0,0.25,0.5615443777322888,0.1,0.25,1.0,0.25,0.5615443777322888,34.80029999627732
BM25,Q041,0.6,0.375,1.0,0.6,0.6827250156238165,0.4,0.5,1.0,0.4583333333333333,0.6320831811543461,38.122699996165466
BM25,Q042,0.8,0.4444444444444444,1.0,0.71,0.764817358607021,0.7,0.7777777777777778,1.0,0.66005291005291,0.7732178353264829,34.377699994365685
BM25,Q043,0.8,0.3333333333333333,1.0,0.8,0.7269646325453768,0.8,0.6666666666666666,1.0,0.736547619047619,0.7904232133170243,35.72780000104103
BM25,Q044,0.6,1.0,1.0,1.0,1.0,0.3,1.0,1.0,1.0,1.0,30.436599998211022
BM25,Q045,0.8,0.6666666666666666,1.0,0.8,0.9020243604942442,0.6,1.0,1.0,0.9055555555555554,0.977283261008957,31.47039999748813
BM25,Q046,0.6,0.5,1.0,0.4533333333333333,0.4778706706655854,0.6,1.0,1.0,0.6814814814814815,0.7409080696908682,26.283799998054747
BM25,Q047,0.8,0.26666666666666666,1.0,0.6433333333333333,0.7204111965093014,0.9,0.6,1.0,0.7571031746031747,0.8646093851468324,27.724199993826915
BM25,Q048,0.4,0.14285714285714285,1.0,0.27999999999999997,0.6045023477188619,0.7,0.5,1.0,0.44630952380952377,0.7183025892921426,30.634099995950237
BM25,Q049,0.4,0.15384615384615385,1.0,0.3,0.4121943801949693,0.6,0.46153846153846156,1.0,0.3584126984126984,0.5685603201090106,25.149299995973706
BM25,Q050,0.4,0.25,1.0,0.3333333333333333,0.49218519447472975,0.2,0.25,1.0,0.20833333333333331,0.4108872451706409,32.94309999910183
BM25,Q051,0.4,0.4,0.5,0.2,0.3258694361371382,0.3,0.6,0.5,0.3,0.40365431028288484,20.150199998170137
BM25,Q052,1.0,0.3333333333333333,1.0,1.0,1.0,1.0,0.6666666666666666,1.0,1.0,0.9681896059005243,33.36380000109784
BM25,Q053,0.6,0.2,1.0,0.55,0.5296347172140421,0.4,0.26666666666666666,1.0,0.3194444444444445,0.4099509148465345,26.492899996810593
BM25,Q054,0.8,0.14285714285714285,1.0,0.6433333333333333,0.7860137352654724,0.9,0.32142857142857145,1.0,0.7571031746031747,0.8611375561264456,29.417999998258892
BM25,Q055,1.0,0.2,1.0,1.0,0.8930068676327362,1.0,0.4,1.0,1.0,0.9305687780632229,27.574800005822908
BM25,Q056,1.0,0.22727272727272727,1.0,1.0,0.915209948681596,1.0,0.45454545454545453,1.0,1.0,0.877134335729897,26.900700002443045
BM25,Q057,0.8,0.2,1.0,0.76,0.8539316501572937,0.9,0.45,1.0,0.8154365079365078,0.9052116356304495,29.157099997974
BM25,Q058,1.0,0.29411764705882354,1.0,1.0,0.9269658250786468,0.9,0.5294117647058824,1.0,0.8521031746031745,0.8742075488365494,33.029600002919324
BM25,Q059,1.0,0.21739130434782608,1.0,1.0,1.0,1.0,0.43478260869565216,1.0,1.0,0.9668728882728055,39.0350000016042
BM25,Q060,0.4,0.1,0.5,0.18,0.2795888034906985,0.6,0.3,0.5,0.3126984126984127,0.3222526040600531,30.004599997482728
BM25,Q061,1.0,0.45454545454545453,1.0,1.0,0.8756769827188949,0.6,0.5454545454545454,1.0,0.5857142857142856,0.7034426167704184,38.58169999875827
BM25,Q062,0.4,0.18181818181818182,1.0,0.4,0.2959909957759406,0.5,0.45454545454545453,1.0,0.3319444444444445,0.3976760596374055,26.783000001159962
BM25,Q063,0.8,0.4,1.0,0.8,0.8687949224876582,0.7,0.7,1.0,0.6080952380952381,0.7580129710575885,26.075800000398885
BM25,Q064,1.0,0.5,1.0,1.0,0.764817358607021,0.7,0.7,1.0,0.6366666666666667,0.6866806999735107,34.33040000527399
BM25,Q065,0.6,0.375,1.0,0.6,0.6827250156238165,0.3,0.375,1.0,0.375,0.5774088427587085,24.07849999872269
BM25,Q066,1.0,0.25,1.0,1.0,0.8622240278900382,0.8,0.4,1.0,0.78,0.7979711993165349,33.73190000274917
BM25,Q067,0.0,0.0,0.0,0.0,0.0,0.0,0.0,0.0,0.0,0.0,34.21910000179196
BM25,Q068,0.8,0.25,1.0,0.8,0.8687949224876582,0.9,0.5625,1.0,0.8354365079365079,0.8646909530495142,27.699899997969624
BM25,Q069,1.0,0.2631578947368421,1.0,1.0,0.849607409925425,0.8,0.42105263157894735,1.0,0.7763888888888889,0.6930945430898257,27.738299999327864
BM25,Q070,1.0,0.3125,1.0,1.0,0.934397461243829,1.0,0.625,1.0,1.0,0.9121355660703317,32.49640000285581
BM25,Q071,1.0,0.35714285714285715,1.0,1.0,1.0,0.9,0.6428571428571429,1.0,0.8521031746031745,0.8110670145505231,24.711699996259995
BM25,Q072,1.0,0.35714285714285715,1.0,1.0,0.9015629611050541,1.0,0.7142857142857143,1.0,1.0,0.9250878991435042,29.338000000279862
BM25,Q073,1.0,0.38461538461538464,1.0,1.0,1.0,1.0,0.7692307692307693,1.0,1.0,1.0,25.761199998669326
BM25,Q074,1.0,0.29411764705882354,1.0,1.0,1.0,1.0,0.5882352941176471,1.0,1.0,1.0,32.390899999882095
BM25,Q075,1.0,0.25,1.0,1.0,0.7379010106089332,1.0,0.5,1.0,1.0,0.8595965027558758,32.15679999993881
BM25,Q076,1.0,0.2,1.0,1.0,0.5,1.0,0.4,1.0,1.0,0.6243866697814711,38.56660000019474
BM25,Q077,1.0,0.3125,1.0,1.0,1.0,0.9,0.5625,1.0,0.8788888888888889,0.9598043059549571,32.60470000532223
BM25,Q078,0.6,0.75,1.0,0.6875,0.7559892446318185,0.4,1.0,1.0,0.8125,0.8445630085973362,26.571500005957205
BM25,Q079,1.0,0.2631578947368421,1.0,1.0,0.8535105373852008,1.0,0.5263157894736842,1.0,1.0,0.9418877229549207,39.23930000019027
BM25,Q080,1.0,0.29411764705882354,1.0,1.0,1.0,1.0,0.5882352941176471,1.0,1.0,1.0,33.363499998813495
BM25,Q081,1.0,0.2777777777777778,1.0,1.0,1.0,1.0,0.5555555555555556,1.0,1.0,1.0,29.000599999562837
BM25,Q082,1.0,0.3125,1.0,1.0,0.849607409925425,0.6,0.375,1.0,0.5857142857142856,0.7132121730010023,28.32979999948293
BM25,Q083,0.6,0.42857142857142855,1.0,0.4833333333333333,0.48522855511632257,0.5,0.7142857142857143,1.0,0.516156462585034,0.6314393954425084,33.70790000190027
BM25,Q084,1.0,0.2,1.0,1.0,1.0,1.0,0.4,1.0,1.0,1.0,29.45249999902444
BM25,Q085,0.8,0.17391304347826086,1.0,0.6433333333333333,0.7860137352654724,0.9,0.391304347826087,1.0,0.7571031746031747,0.8894306971262015,24.432999998680316
BM25,Q086,0.8,0.2222222222222222,1.0,0.71,0.764817358607021,0.9,0.5,1.0,0.7904365079365079,0.8601227805236054,31.80199999769684
BM25,Q087,1.0,0.625,1.0,1.0,0.934397461243829,0.8,1.0,1.0,1.0,0.9870129394834595,29.279500005941372
BM25,Q088,1.0,0.45454545454545453,1.0,1.0,0.8310951893751204,0.9,0.8181818181818182,1.0,0.9,0.875244562230406,30.10550000180956
BM25,Q089,1.0,0.38461538461538464,1.0,1.0,1.0,0.9,0.6923076923076923,1.0,0.89,0.9274457877218554,26.22759999940172
BM25,Q090,1.0,0.35714285714285715,1.0,1.0,1.0,1.0,0.7142857142857143,1.0,1.0,1.0,22.282099998847116
BM25,Q091,1.0,0.4166666666666667,1.0,1.0,1.0,1.0,0.8333333333333334,1.0,1.0,1.0,24.07600000151433
BM25,Q092,1.0,0.3333333333333333,1.0,1.0,1.0,0.9,0.6,1.0,0.89,0.9564522834222711,22.906300000613555
BM25,Q093,1.0,0.29411764705882354,1.0,1.0,1.0,1.0,0.5882352941176471,1.0,1.0,0.9157201552484907,28.55489999637939
BM25,Q094,1.0,0.3333333333333333,1.0,1.0,0.9015629611050541,1.0,0.6666666666666666,1.0,1.0,0.9784563565963939,19.475799999781884
BM25,Q095,1.0,0.22727272727272727,1.0,1.0,0.934397461243829,0.9,0.4090909090909091,1.0,0.8788888888888889,0.9062578812299775,30.356099996424746
BM25,Q096,0.4,0.08333333333333333,1.0,0.3333333333333333,0.5087403079104241,0.5,0.20833333333333334,1.0,0.31111111111111106,0.5384109300791363,23.9136000018334
BM25,Q097,1.0,0.2,1.0,1.0,0.849607409925425,1.0,0.4,1.0,1.0,0.8632063651153319,33.09859999717446
BM25,Q098,1.0,0.3125,1.0,1.0,1.0,1.0,0.625,1.0,1.0,1.0,27.371099997253623
BM25,Q099,0.4,0.14285714285714285,0.3333333333333333,0.16666666666666666,0.15782422623975725,0.2,0.14285714285714285,0.3333333333333333,0.08333333333333333,0.10241712375929546,23.999100005312357
BM25,Q100,0.8,0.14814814814814814,1.0,0.76,0.8539316501572937,0.9,0.3333333333333333,1.0,0.8154365079365078,0.9052116356304495,25.48419999948237
SBERT,Q001,0.8,0.26666666666666666,1.0,0.76,0.6843515475204855,0.8,0.5333333333333333,1.0,0.716547619047619,0.6821176036728889,51.97680000128457
SBERT,Q002,1.0,0.4166666666666667,1.0,1.0,0.934397461243829,1.0,0.8333333333333334,1.0,1.0,0.9880477570122436,16.86160000099335
SBERT,Q003,1.0,0.29411764705882354,1.0,1.0,0.934397461243829,1.0,0.5882352941176471,1.0,1.0,0.9574284411791895,18.825099999958184
SBERT,Q004,1.0,0.3125,1.0,1.0,0.7426142775581612,1.0,0.625,1.0,1.0,0.8419051909340797,16.375999999581836
SBERT,Q005,0.8,0.4,1.0,0.8,0.8687949224876582,0.9,0.9,1.0,0.8354365079365079,0.9368584065936156,17.074900002626237
SBERT,Q006,1.0,0.5555555555555556,1.0,1.0,1.0,0.7,0.7777777777777778,1.0,0.7074074074074075,0.8317213551625277,17.375199997331947
SBERT,Q007,1.0,0.5,1.0,1.0,0.88549505236793,0.7,0.7,1.0,0.645,0.7717857190651589,18.810000001394656
SBERT,Q008,0.8,0.5,1.0,0.8,0.9020243604942442,0.4,0.5,1.0,0.5,0.7190131876516086,18.897399997513276
SBERT,Q009,0.6,0.3,1.0,0.6,0.6163989078593143,0.6,0.6,1.0,0.4891666666666666,0.6663991460333673,23.96009999938542
SBERT,Q010,0.8,0.4,1.0,0.71,0.6578242262397573,0.6,0.6,1.0,0.4841666666666667,0.6513734000131733,19.41590000205906
SBERT,Q011,1.0,0.3125,1.0,1.0,0.849607409925425,1.0,0.625,1.0,1.0,0.9640271423205018,22.662299998046365
SBERT,Q012,1.0,0.2631578947368421,1.0,1.0,1.0,1.0,0.5263157894736842,1.0,1.0,1.0,19.543200003681704
SBERT,Q013,0.8,0.3076923076923077,1.0,0.8,0.7840048711692542,0.6,0.46153846153846156,1.0,0.5464285714285715,0.6829353336720569,22.773700002289843
SBERT,Q014,1.0,0.3125,1.0,1.0,0.9777242507697853,0.9,0.5625,1.0,0.89,0.9379462333758279,22.640700000920333
SBERT,Q015,0.6,0.2727272727272727,1.0,0.55,0.6685622027129364,0.6,0.5454545454545454,1.0,0.4797619047619047,0.7139674148607433,19.25459999620216
SBERT,Q016,1.0,0.23809523809523808,1.0,1.0,1.0,1.0,0.47619047619047616,1.0,1.0,1.0,23.45690000220202
SBERT,Q017,1.0,0.2777777777777778,1.0,1.0,0.9269658250786468,1.0,0.5555555555555556,1.0,1.0,0.88279674503835,21.7008999970858
SBERT,Q018,1.0,0.4166666666666667,1.0,1.0,0.704688883315162,0.9,0.75,1.0,0.8788888888888889,0.8264694603425146,21.2766000040574
SBERT,Q019,1.0,0.2777777777777778,1.0,1.0,1.0,1.0,0.5555555555555556,1.0,1.0,0.8958633596839922,20.545799998217262
SBERT,Q020,1.0,0.2631578947368421,1.0,1.0,0.669580102636808,1.0,0.5263157894736842,1.0,1.0,0.7399286814266611,20.05539999663597
SBERT,Q021,1.0,0.2631578947368421,1.0,1.0,0.8274043288765652,1.0,0.5263157894736842,1.0,1.0,0.8548701075152179,20.324500001152046
SBERT,Q022,1.0,0.3333333333333333,1.0,1.0,0.735182641392979,0.8,0.5333333333333333,1.0,0.78,0.7478601569621297,21.17259999795351
SBERT,Q023,0.8,0.4444444444444444,1.0,0.6433333333333333,0.7204111965093014,0.6,0.6666666666666666,1.0,0.5452380952380952,0.68558906607013,20.900600000459235
SBERT,Q024,0.2,1.0,1.0,1.0,1.0,0.1,1.0,1.0,1.0,1.0,21.972800001094583
SBERT,Q025,0.4,0.2857142857142857,0.5,0.2333333333333333,0.38356636737133565,0.3,0.42857142857142855,0.5,0.227891156462585,0.40249126775014854,22.401200003514532
SBERT,Q026,0.2,0.08333333333333333,0.5,0.1,0.21398626473452756,0.4,0.3333333333333333,0.5,0.17063492063492064,0.39637929009717543,22.806300003139768
SBERT,Q027,1.0,0.35714285714285715,1.0,1.0,1.0,0.8,0.5714285714285714,1.0,0.7532142857142856,0.8553475075669357,20.9848999948008
SBERT,Q028,1.0,0.21739130434782608,1.0,1.0,1.0,1.0,0.43478260869565216,1.0,1.0,1.0,19.998300005681813
SBERT,Q029,0.8,0.17391304347826086,1.0,0.71,0.6917831836856677,0.8,0.34782608695652173,1.0,0.6818253968253967,0.6546760583695792,18.320800001674797
SBERT,Q030,0.8,0.3333333333333333,1.0,0.76,0.7323987659486003,0.7,0.5833333333333334,1.0,0.619047619047619,0.7057077506081124,18.03210000070976
SBERT,Q031,0.8,0.3076923076923077,1.0,0.8,0.8687949224876582,0.6,0.46153846153846156,1.0,0.55,0.7084409501232901,16.379399996367283
SBERT,Q032,1.0,0.4166666666666667,1.0,1.0,1.0,0.8,0.6666666666666666,1.0,0.7763888888888889,0.8282996787332997,16.681999994034413
SBERT,Q033,0.8,0.36363636363636365,1.0,0.8,0.9155230494702449,0.7,0.6363636363636364,1.0,0.6242063492063492,0.8328404495758854,17.259599997487385
SBERT,Q034,0.2,0.09090909090909091,1.0,0.2,0.5065267082131061,0.3,0.2727272727272727,1.0,0.16190476190476188,0.4752115325793112,17.840200001955964
SBERT,Q035,1.0,0.2,1.0,1.0,0.9467009784197933,1.0,0.4,1.0,1.0,0.9604700983816453,16.888800004380755
SBERT,Q036,0.6,0.375,1.0,0.55,0.7269646325453768,0.4,0.5,1.0,0.4270833333333333,0.665430784540306,17.908200003148522
SBERT,Q037,0.0,0.0,0.0,0.0,0.0,0.0,0.0,0.0,0.0,0.0,19.09719999821391
SBERT,Q038,1.0,0.45454545454545453,1.0,1.0,0.8622240278900382,0.9,0.8181818181818182,1.0,0.8521031746031745,0.8401265390503554,18.00609999918379
SBERT,Q039,1.0,0.45454545454545453,1.0,1.0,1.0,0.8,0.7272727272727273,1.0,0.7763888888888889,0.8630152897016883,17.140500000095926
SBERT,Q040,0.6,0.75,1.0,0.525,0.7910838870921474,0.3,0.75,1.0,0.525,0.7910838870921474,19.923799998650793
SBERT,Q041,0.8,0.5,1.0,0.6433333333333333,0.659712443790349,0.5,0.625,1.0,0.49136904761904765,0.6602730056224537,21.457700000610203
SBERT,Q042,0.6,0.3333333333333333,1.0,0.6,0.7227265726449519,0.5,0.5555555555555556,1.0,0.4768518518518518,0.7415113621822614,19.641900005808566
SBERT,Q043,0.6,0.25,1.0,0.4833333333333333,0.46488921707768605,0.5,0.4166666666666667,1.0,0.3613095238095238,0.4509935194930835,20.44739999837475
SBERT,Q044,0.4,0.6666666666666666,1.0,0.4666666666666666,0.762346330035624,0.3,1.0,1.0,0.5777777777777777,0.8584934873842026,19.276699997135438
SBERT,Q045,0.4,0.3333333333333333,0.5,0.2333333333333333,0.4462144482435331,0.3,0.5,0.5,0.24444444444444444,0.4764421183142923,18.672400001378264
SBERT,Q046,0.4,0.3333333333333333,1.0,0.4,0.4130547397016814,0.4,0.6666666666666666,1.0,0.49074074074074076,0.5315550088425718,22.976899999775924
SBERT,Q047,1.0,0.3333333333333333,1.0,1.0,0.8613632863224759,0.8,0.5333333333333333,1.0,0.8,0.8121168286791015,25.73110000230372
SBERT,Q048,0.4,0.14285714285714285,1.0,0.3,0.6156012978458393,0.6,0.42857142857142855,1.0,0.3796428571428571,0.6719052786224555,26.227500005916227
SBERT,Q049,1.0,0.38461538461538464,1.0,1.0,0.7543701539552121,0.8,0.6153846153846154,1.0,0.788888888888889,0.773521428888507,45.066200000292156
SBERT,Q050,0.6,0.375,1.0,0.4833333333333333,0.661763294867578,0.4,0.5,1.0,0.37351190476190477,0.607239814798473,26.944699995510746
SBERT,Q051,0.4,0.4,1.0,0.3,0.5307862306029746,0.4,0.8,1.0,0.5,0.6774590908037021,24.36390000366373
SBERT,Q052,1.0,0.3333333333333333,1.0,1.0,0.7456298460447879,1.0,0.6666666666666666,1.0,1.0,0.83493117527644,32.64589999889722
SBERT,Q053,1.0,0.3333333333333333,1.0,1.0,1.0,0.8,0.5333333333333333,1.0,0.7675,0.8603818544462509,27.81210000102874
SBERT,Q054,1.0,0.17857142857142858,1.0,1.0,1.0,1.0,0.35714285714285715,1.0,1.0,1.0,27.601900001172908
SBERT,Q055,1.0,0.2,1.0,1.0,1.0,1.0,0.4,1.0,1.0,1.0,27.103899999929126
SBERT,Q056,1.0,0.22727272727272727,1.0,1.0,0.680027307288617,0.8,0.36363636363636365,1.0,0.788888888888889,0.6593076063199005,22.296299997833557
SBERT,Q057,0.6,0.15,0.3333333333333333,0.2866666666666666,0.4468535299918563,0.8,0.4,0.3333333333333333,0.5142063492063491,0.6410457898283654,18.728699993516784
SBERT,Q058,1.0,0.29411764705882354,1.0,1.0,0.9269658250786468,1.0,0.5882352941176471,1.0,1.0,0.8847630951196416,20.60640000127023
SBERT,Q059,1.0,0.21739130434782608,1.0,1.0,0.9269658250786468,1.0,0.43478260869565216,1.0,1.0,0.8088819995806239,20.51460000075167
SBERT,Q060,1.0,0.25,1.0,1.0,0.934397461243829,1.0,0.5,1.0,1.0,0.8889360860300338,18.818299999111332
SBERT,Q061,0.8,0.36363636363636365,1.0,0.76,0.6342844971115119,0.6,0.5454545454545454,1.0,0.5383333333333333,0.5792070208310826,19.4818000018131
SBERT,Q062,0.8,0.36363636363636365,1.0,0.71,0.6290745043576739,0.7,0.6363636363636364,1.0,0.5541666666666667,0.615299008351361,20.046400000865106
SBERT,Q063,0.8,0.4,1.0,0.8,0.8687949224876582,0.6,0.6,1.0,0.5380952380952382,0.7265174083228546,24.445600000035483
SBERT,Q064,0.4,0.2,0.5,0.18,0.34519134224686937,0.6,0.6,0.5,0.3263095238095238,0.5136372497122746,35.175899996829685
SBERT,Q065,0.8,0.5,1.0,0.71,0.6960556048694746,0.5,0.625,1.0,0.521875,0.6371038646608699,46.36880000180099
SBERT,Q066,1.0,0.25,1.0,1.0,0.7530391532426916,0.9,0.45,1.0,0.866388888888889,0.8096687445485483,26.576500000373926
SBERT,Q067,0.6,1.0,0.5,0.6388888888888888,0.6973180732318199,0.3,1.0,0.5,0.6388888888888888,0.6973180732318199,26.15170000353828
SBERT,Q068,1.0,0.3125,1.0,1.0,0.8930068676327362,0.9,0.5625,1.0,0.8521031746031745,0.8318599830111486,34.17040000203997
SBERT,Q069,1.0,0.2631578947368421,1.0,1.0,0.8930068676327362,0.9,0.47368421052631576,1.0,0.8788888888888889,0.791328483349571,25.74800000002142
SBERT,Q070,0.6,0.1875,1.0,0.52,0.6843515475204855,0.7,0.4375,1.0,0.5430952380952381,0.7004844998604758,20.404000002599787
SBERT,Q071,1.0,0.35714285714285715,1.0,1.0,1.0,1.0,0.7142857142857143,1.0,1.0,0.9657844790676279,19.283800000266638
SBERT,Q072,1.0,0.35714285714285715,1.0,1.0,1.0,1.0,0.7142857142857143,1.0,1.0,1.0,19.682299993291963
SBERT,Q073,1.0,0.38461538461538464,1.0,1.0,1.0,1.0,0.7692307692307693,1.0,1.0,1.0,19.149399995512795
SBERT,Q074,1.0,0.29411764705882354,1.0,1.0,1.0,0.9,0.5294117647058824,1.0,0.8788888888888889,0.9305687780632229,20.054299995535985
SBERT,Q075,1.0,0.25,1.0,1.0,0.7530391532426916,1.0,0.5,1.0,1.0,0.816838326737177,20.444700006919447
SBERT,Q076,1.0,0.2,1.0,1.0,0.5730341749213532,1.0,0.4,1.0,1.0,0.6733380135016854,21.50620000611525
SBERT,Q077,1.0,0.3125,1.0,1.0,0.849607409925425,1.0,0.625,1.0,1.0,0.9253560182723889,22.567600004549604
SBERT,Q078,0.2,0.25,1.0,0.25,0.2807721888661444,0.1,0.25,1.0,0.25,0.2807721888661444,22.475899997516535
SBERT,Q079,1.0,0.2631578947368421,1.0,1.0,0.8535105373852008,1.0,0.5263157894736842,1.0,1.0,0.8885192655020311,20.45179999549873
SBERT,Q080,0.8,0.23529411764705882,1.0,0.8,0.8687949224876582,0.8,0.47058823529411764,1.0,0.745436507936508,0.7422278868932152,22.25460000045132
SBERT,Q081,1.0,0.2777777777777778,1.0,1.0,1.0,0.9,0.5,1.0,0.89,0.9337457765456111,19.616500001575332
SBERT,Q082,1.0,0.3125,1.0,1.0,0.680027307288617,0.9,0.5625,1.0,0.9,0.7497486627058744,20.310299994889647
SBERT,Q083,0.6,0.42857142857142855,0.5,0.32,0.3186640209661411,0.6,0.8571428571428571,0.5,0.4988095238095238,0.5770338199786501,21.936100005405024
SBERT,Q084,1.0,0.2,1.0,1.0,0.9714089025373848,1.0,0.4,1.0,1.0,0.9787950465815364,20.248299995728303
SBERT,Q085,0.6,0.13043478260869565,1.0,0.42000000000000004,0.4777969189511402,0.8,0.34782608695652173,1.0,0.5808730158730159,0.5015460986963275,21.554699997068383
SBERT,Q086,1.0,0.2777777777777778,1.0,1.0,0.7765732350040719,1.0,0.5555555555555556,1.0,1.0,0.7867369481559978,20.259799995983485
SBERT,Q087,0.6,0.375,1.0,0.6,0.7227265726449519,0.4,0.5,1.0,0.4583333333333333,0.6362611542070106,22.427700001571793
SBERT,Q088,1.0,0.45454545454545453,1.0,1.0,0.6960556048694746,0.7,0.6363636363636364,1.0,0.7,0.6837540487280619,20.49039999837987
SBERT,Q089,1.0,0.38461538461538464,1.0,1.0,1.0,1.0,0.7692307692307693,1.0,1.0,0.9580785939617943,21.300399996107444
SBERT,Q090,1.0,0.35714285714285715,1.0,1.0,0.8622240278900382,0.9,0.6428571428571429,1.0,0.89,0.8490628559868566,23.828199999115895
SBERT,Q091,1.0,0.4166666666666667,1.0,1.0,0.7543701539552121,0.7,0.5833333333333334,1.0,0.7,0.7778331291138727,20.208399997500237
SBERT,Q092,0.8,0.26666666666666666,1.0,0.71,0.764817358607021,0.9,0.6,1.0,0.7904365079365079,0.8657633557342406,18.64430000568973
SBERT,Q093,1.0,0.29411764705882354,1.0,1.0,0.9269658250786468,1.0,0.5882352941176471,1.0,1.0,0.9038222730711645,21.798800000397023
SBERT,Q094,0.4,0.13333333333333333,1.0,0.3333333333333333,0.49218519447472975,0.3,0.2,1.0,0.21666666666666665,0.4812974191882581,20.52939999703085
SBERT,Q095,1.0,0.22727272727272727,1.0,1.0,0.735182641392979,1.0,0.45454545454545453,1.0,1.0,0.7915640063336307,21.820099995238706
SBERT,Q096,0.8,0.16666666666666666,0.5,0.5433333333333333,0.6608397947263839,0.9,0.375,0.5,0.7071031746031746,0.77990823370192,22.882199999003205
SBERT,Q097,1.0,0.2,1.0,1.0,0.934397461243829,0.9,0.36,1.0,0.8521031746031745,0.7793770554054552,19.565100003092084
SBERT,Q098,1.0,0.3125,1.0,1.0,0.764817358607021,1.0,0.625,1.0,1.0,0.780856552962285,22.15740000247024
SBERT,Q099,0.6,0.21428571428571427,1.0,0.4833333333333333,0.6548086577531307,0.6,0.42857142857142855,1.0,0.4375,0.6390097281865128,22.951999999349937
SBERT,Q100,1.0,0.18518518518518517,1.0,1.0,1.0,1.0,0.37037037037037035,1.0,1.0,0.9652843890316114,20.230299996910617
E5,Q001,0.8,0.26666666666666666,1.0,0.8,0.5413905936110929,0.7,0.4666666666666667,1.0,0.6361111111111111,0.5481297784536109,78.64749999862397
E5,Q002,0.6,0.25,1.0,0.55,0.5922216874835864,0.5,0.4166666666666667,1.0,0.39464285714285713,0.5061481670268041,80.17079999990528
E5,Q003,1.0,0.29411764705882354,1.0,1.0,1.0,1.0,0.5882352941176471,1.0,1.0,0.9668728882728055,73.63059999624966
E5,Q004,1.0,0.3125,1.0,1.0,0.8613632863224759,0.9,0.5625,1.0,0.866388888888889,0.8884949594486649,79.20999999623746
E5,Q005,1.0,0.5,1.0,1.0,1.0,0.9,0.9,1.0,0.9,0.9631681300427328,82.22870000463445
E5,Q006,1.0,0.5555555555555556,1.0,1.0,1.0,0.7,0.7777777777777778,1.0,0.748015873015873,0.845519325279726,67.85970000055386
E5,Q007,0.8,0.4,1.0,0.8,0.8516298262486962,0.6,0.6,1.0,0.569047619047619,0.7574878406754338,68.49950000469107
E5,Q008,0.4,0.25,1.0,0.3,0.6156012978458393,0.3,0.375,1.0,0.22916666666666666,0.5514739320035648,66.48390000191284
E5,Q009,0.8,0.4,1.0,0.71,0.6789122088255236,0.5,0.5,1.0,0.4175,0.5639269079589001,71.0220000037225
E5,Q010,0.8,0.4,1.0,0.8,0.8687949224876582,0.7,0.7,1.0,0.6242063492063492,0.8140063748907171,63.52099999639904
E5,Q011,1.0,0.3125,1.0,1.0,1.0,1.0,0.625,1.0,1.0,0.9970854744993277,70.880399995076
E5,Q012,1.0,0.2631578947368421,1.0,1.0,1.0,1.0,0.5263157894736842,1.0,1.0,1.0,73.62799999827985
E5,Q013,1.0,0.38461538461538464,1.0,1.0,0.934397461243829,0.8,0.6153846153846154,1.0,0.8,0.8370536935557713,80.21279999957187
E5,Q014,1.0,0.3125,1.0,1.0,1.0,0.9,0.5625,1.0,0.866388888888889,0.9500585994290027,127.71670000074664
E5,Q015,1.0,0.45454545454545453,1.0,1.0,1.0,0.9,0.8181818181818182,1.0,0.89,0.9512461693274998,89.09280000079889
E5,Q016,1.0,0.23809523809523808,1.0,1.0,0.8421757737602428,1.0,0.47619047619047616,1.0,1.0,0.82777380346383,88.86470000288682
E5,Q017,1.0,0.2777777777777778,1.0,1.0,1.0,1.0,0.5555555555555556,1.0,1.0,0.9608008655106625,78.03330000024289
E5,Q018,1.0,0.4166666666666667,1.0,1.0,0.8621382979168936,0.9,0.75,1.0,0.866388888888889,0.8451437234165339,99.94259999803035
E5,Q019,1.0,0.2777777777777778,1.0,1.0,0.7765732350040719,1.0,0.5555555555555556,1.0,1.0,0.781096571962168,100.52430000359891
E5,Q020,0.8,0.21052631578947367,1.0,0.76,0.6621484664716257,0.7,0.3684210526315789,1.0,0.6365476190476189,0.6998079527853913,88.44390000012936
E5,Q021,0.8,0.21052631578947367,1.0,0.76,0.7691415988388896,0.9,0.47368421052631576,1.0,0.8154365079365078,0.7743075985169116,92.78300000005402
E5,Q022,1.0,0.3333333333333333,1.0,1.0,0.7765732350040719,0.5,0.3333333333333333,1.0,0.5,0.6112356634935837,80.98620000237133
E5,Q023,0.8,0.4444444444444444,0.5,0.5433333333333333,0.6608397947263839,0.6,0.6666666666666666,0.5,0.4478835978835979,0.6264303390889585,75.21140000608284
E5,Q024,0.2,1.0,1.0,1.0,1.0,0.1,1.0,1.0,1.0,1.0,70.83530000090832
E5,Q025,0.6,0.42857142857142855,0.5,0.32,0.4912596920895758,0.5,0.7142857142857143,0.5,0.42585034013605444,0.5876855006285636,80.99319999746513
E5,Q026,0.4,0.16666666666666666,0.5,0.2333333333333333,0.38356636737133565,0.3,0.25,0.5,0.14666666666666667,0.31178951841628366,82.79469999979483
E5,Q027,1.0,0.35714285714285715,1.0,1.0,1.0,1.0,0.7142857142857143,1.0,1.0,1.0,72.46930000110297
E5,Q028,1.0,0.21739130434782608,1.0,1.0,1.0,1.0,0.43478260869565216,1.0,1.0,1.0,78.20199999696342
E5,Q029,1.0,0.21739130434782608,1.0,1.0,0.7234267649959281,1.0,0.43478260869565216,1.0,1.0,0.8205228949141828,76.45390000107
E5,Q030,0.6,0.25,1.0,0.55,0.7483055646577699,0.5,0.4166666666666667,1.0,0.375,0.6653950885115322,78.6450999949011
E5,Q031,1.0,0.38461538461538464,1.0,1.0,1.0,0.9,0.6923076923076923,1.0,0.866388888888889,0.92663607790064,72.92720000259578
E5,Q032,1.0,0.4166666666666667,1.0,1.0,1.0,0.9,0.75,1.0,0.9,0.9032521000738538,82.52039999933913
E5,Q033,1.0,0.45454545454545453,1.0,1.0,0.9562707599036264,0.7,0.6363636363636364,1.0,0.645,0.8071380977558276,91.87260000180686
E5,Q034,0.2,0.09090909090909091,1.0,0.2,0.5065267082131061,0.2,0.18181818181818182,1.0,0.125,0.41768559432146335,97.51479999977164
E5,Q035,1.0,0.2,1.0,1.0,1.0,1.0,0.4,1.0,1.0,1.0,89.59359999425942
E5,Q036,0.8,0.5,1.0,0.8,0.7996249969506842,0.5,0.625,1.0,0.5625,0.7150541114083707,86.65449999534758
E5,Q037,0.0,0.0,0.0,0.0,0.0,0.0,0.0,0.0,0.0,0.0,79.30860000487883
E5,Q038,0.8,0.36363636363636365,1.0,0.8,0.777747077360283,0.6,0.5454545454545454,1.0,0.5433333333333332,0.6813322143127932,70.72559999505756
E5,Q039,1.0,0.45454545454545453,1.0,1.0,1.0,0.7,0.6363636363636364,1.0,0.7,0.8006937664098821,72.14070000190986
E5,Q040,0.4,0.5,0.5,0.25,0.41899152773824266,0.2,0.5,0.5,0.25,0.41899152773824266,75.3402999980608
E5,Q041,0.6,0.375,1.0,0.52,0.6178938183165303,0.6,0.75,1.0,0.5697916666666667,0.7265530551937338,81.79009999730624
E5,Q042,0.6,0.3333333333333333,1.0,0.4833333333333333,0.5817744828317774,0.4,0.4444444444444444,1.0,0.33201058201058203,0.49794017909559063,89.87820000038482
E5,Q043,0.8,0.3333333333333333,1.0,0.76,0.7909972364189914,0.7,0.5833333333333334,1.0,0.5964285714285714,0.7424756455794259,89.86040000309004
E5,Q044,0.4,0.6666666666666666,1.0,0.6666666666666666,0.8403030283801005,0.2,0.6666666666666666,1.0,0.6666666666666666,0.8403030283801005,83.20549999916693
E5,Q045,1.0,0.8333333333333334,1.0,1.0,1.0,0.6,1.0,1.0,0.9761904761904762,0.9946862655200768,85.80860000074608
E5,Q046,0.6,0.5,1.0,0.6,0.6994778023500862,0.5,0.8333333333333334,1.0,0.7152777777777777,0.7976301359900823,95.33389999705832
E5,Q047,1.0,0.3333333333333333,1.0,1.0,0.849607409925425,1.0,0.6666666666666666,1.0,1.0,0.8816269857944958,97.40359999705106
E5,Q048,0.6,0.21428571428571427,1.0,0.42000000000000004,0.7135769373515951,0.5,0.35714285714285715,1.0,0.3480952380952381,0.6326386481791816,92.9044000004069
E5,Q049,0.8,0.3076923076923077,0.5,0.5433333333333333,0.39602243611936283,0.8,0.6153846153846154,0.5,0.6171031746031745,0.6128088913766826,86.93599999969592
E5,Q050,0.6,0.375,1.0,0.55,0.6875399693572165,0.4,0.5,1.0,0.39375,0.6214830151426545,87.7732999942964
E5,Q051,0.2,0.2,1.0,0.2,0.43673949858938643,0.2,0.4,1.0,0.26666666666666666,0.5145243727351332,76.3193999955547
E5,Q052,0.8,0.26666666666666666,1.0,0.8,0.7840048711692542,0.9,0.6,1.0,0.8354365079365079,0.8280235466843832,72.35499999660533
E5,Q053,0.6,0.2,1.0,0.4833333333333333,0.6548086577531307,0.6,0.4,1.0,0.4143650793650793,0.5914829865196919,74.60529999661958
E5,Q054,1.0,0.17857142857142858,1.0,1.0,1.0,1.0,0.35714285714285715,1.0,1.0,1.0,73.18690000101924
E5,Q055,0.4,0.08,0.5,0.18,0.34519134224686937,0.6,0.24,0.5,0.3055555555555556,0.4685829523567744,77.73789999919245
E5,Q056,1.0,0.22727272727272727,1.0,1.0,0.764817358607021,1.0,0.45454545454545453,1.0,1.0,0.8126669470617609,73.13080000312766
E5,Q057,0.8,0.2,1.0,0.8,0.8687949224876582,0.8,0.4,1.0,0.736547619047619,0.8486026589039901,82.09320000605658
E5,Q058,0.6,0.17647058823529413,1.0,0.42000000000000004,0.6164336326286644,0.7,0.4117647058823529,1.0,0.49309523809523814,0.618311444455152,97.31750000355532
E5,Q059,1.0,0.21739130434782608,1.0,1.0,0.6386367136775242,1.0,0.43478260869565216,1.0,1.0,0.6976572306440796,93.6156999960076
E5,Q060,1.0,0.25,1.0,1.0,0.9269658250786468,0.9,0.45,1.0,0.89,0.7757548878534294,143.56860000407323
E5,Q061,0.4,0.18181818181818182,1.0,0.4,0.356145721404655,0.5,0.45454545454545453,1.0,0.35,0.528519632836473,112.58230000385083
E5,Q062,0.8,0.36363636363636365,1.0,0.71,0.7040090042240594,0.7,0.6363636363636364,1.0,0.5792063492063492,0.7265555049040989,103.54170000209706
E5,Q063,0.8,0.4,1.0,0.8,0.8687949224876582,0.7,0.7,1.0,0.6361111111111111,0.7675733725735056,127.72720000066329
E5,Q064,0.8,0.4,1.0,0.8,0.7618017901203944,0.6,0.6,1.0,0.5314285714285714,0.6941714738815182,121.55999999959022
E5,Q065,0.6,0.375,1.0,0.6,0.6589630920636819,0.4,0.5,1.0,0.4375,0.6541539792613267,112.80300000362331
E5,Q066,0.6,0.15,1.0,0.55,0.8063381748228982,0.8,0.4,1.0,0.6458730158730158,0.8563682283555315,134.37310000153957
E5,Q067,0.4,0.6666666666666666,1.0,0.5555555555555555,0.6645649565734895,0.2,0.6666666666666666,1.0,0.5555555555555555,0.6645649565734895,139.5113000035053
E5,Q068,0.8,0.25,1.0,0.71,0.584790051318404,0.9,0.5625,1.0,0.7904365079365079,0.6918063203072407,113.97669999860227
E5,Q069,1.0,0.2631578947368421,1.0,1.0,0.915209948681596,1.0,0.5263157894736842,1.0,1.0,0.94497705842548,92.32709999923827
E5,Q070,1.0,0.3125,1.0,1.0,1.0,0.8,0.5,1.0,0.788888888888889,0.8498060275107583,86.41550000174902
E5,Q071,1.0,0.35714285714285715,1.0,1.0,0.9269658250786468,1.0,0.7142857142857143,1.0,1.0,0.9131614895243012,79.94350000080885
E5,Q072,1.0,0.35714285714285715,1.0,1.0,0.9863520113014781,1.0,0.7142857142857143,1.0,1.0,0.989613670653349,79.90600000630366
E5,Q073,1.0,0.38461538461538464,1.0,1.0,1.0,1.0,0.7692307692307693,1.0,1.0,1.0,92.96050000557443
E5,Q074,1.0,0.29411764705882354,1.0,1.0,1.0,1.0,0.5882352941176471,1.0,1.0,1.0,124.75350000022445
E5,Q075,1.0,0.25,1.0,1.0,0.7816302507053067,1.0,0.5,1.0,1.0,0.8380432801556406,89.47449999686796
E5,Q076,1.0,0.2,1.0,1.0,0.650392590074575,1.0,0.4,1.0,1.0,0.6905713766285148,121.51209999865387
E5,Q077,1.0,0.3125,1.0,1.0,0.8613632863224759,1.0,0.625,1.0,1.0,0.9766614716985255,97.97490000346443
E5,Q078,0.2,0.25,1.0,0.25,0.2807721888661444,0.1,0.25,1.0,0.25,0.2807721888661444,125.27639999461826
E5,Q079,1.0,0.2631578947368421,1.0,1.0,0.7414255097917329,1.0,0.5263157894736842,1.0,1.0,0.8032208352988843,161.1376999935601
E5,Q080,1.0,0.29411764705882354,1.0,1.0,1.0,1.0,0.5882352941176471,1.0,1.0,0.8562761817653992,211.2282000016421
E5,Q081,1.0,0.2777777777777778,1.0,1.0,1.0,1.0,0.5555555555555556,1.0,1.0,1.0,164.62229999888223
E5,Q082,1.0,0.3125,1.0,1.0,0.915209948681596,0.9,0.5625,1.0,0.8521031746031745,0.885717421543225,142.84269999916432
E5,Q083,0.6,0.42857142857142855,0.5,0.3833333333333333,0.34960740992542505,0.6,0.8571428571428571,0.5,0.5663265306122448,0.6137968052745042,165.62420000263955
E5,Q084,1.0,0.2,1.0,1.0,0.8622240278900382,1.0,0.4,1.0,1.0,0.9555068342683579,110.4265999965719
E5,Q085,0.8,0.17391304347826086,1.0,0.76,0.5965459277154549,0.8,0.34782608695652173,1.0,0.7068253968253967,0.5781372581197308,91.38269999675686
E5,Q086,1.0,0.2777777777777778,1.0,1.0,0.7765732350040719,0.9,0.5,1.0,0.8788888888888889,0.8217295640224191,84.40870000049472
E5,Q087,0.8,0.5,1.0,0.8,0.8687949224876582,0.7,0.875,1.0,0.7951388888888888,0.9304257571471034,91.45020000141812
E5,Q088,1.0,0.45454545454545453,1.0,1.0,0.88549505236793,0.8,0.7272727272727273,1.0,0.8,0.878283289781178,81.08360000187531
E5,Q089,0.8,0.3076923076923077,1.0,0.76,0.8539316501572937,0.9,0.6923076923076923,1.0,0.8154365079365078,0.8921351377472769,78.76150000083726
E5,Q090,0.8,0.2857142857142857,1.0,0.71,0.7530391532426916,0.8,0.5714285714285714,1.0,0.691547619047619,0.8220700693461299,80.6525000007241
E5,Q091,0.8,0.3333333333333333,1.0,0.76,0.7035390600827187,0.8,0.6666666666666666,1.0,0.696111111111111,0.7623458522856723,89.14740000182064
E5,Q092,1.0,0.3333333333333333,1.0,1.0,0.8274043288765652,1.0,0.6666666666666666,1.0,1.0,0.9425906423907516,81.42750000115484
E5,Q093,1.0,0.29411764705882354,1.0,1.0,1.0,1.0,0.5882352941176471,1.0,1.0,0.9510514200008505,87.83709999988787
E5,Q094,0.6,0.2,1.0,0.6,0.8390496601388447,0.7,0.4666666666666667,1.0,0.5563095238095238,0.8241458580129204,97.72090000478784
E5,Q095,1.0,0.22727272727272727,1.0,1.0,0.7543701539552121,1.0,0.45454545454545453,1.0,1.0,0.8487731645882486,94.41579999838723
E5,Q096,1.0,0.20833333333333334,1.0,1.0,1.0,1.0,0.4166666666666667,1.0,1.0,1.0,103.47600000386592
E5,Q097,0.8,0.16,1.0,0.8,0.8687949224876582,0.9,0.36,1.0,0.8354365079365079,0.8801412713899905,92.35700000135694
E5,Q098,1.0,0.3125,1.0,1.0,0.650392590074575,1.0,0.625,1.0,1.0,0.7046363575802513,91.44560000277124
E5,Q099,0.6,0.21428571428571427,1.0,0.6,0.7227265726449519,0.7,0.5,1.0,0.5563095238095238,0.741670249010153,90.55769999395125
E5,Q100,1.0,0.18518518518518517,1.0,1.0,1.0,0.9,0.3333333333333333,1.0,0.9,0.9032521000738538,85.86729999660747
Hybrid_RRF_BM25_E5,Q001,1.0,0.3333333333333333,1.0,1.0,0.7765732350040719,0.9,0.6,1.0,0.866388888888889,0.7309855895473465,138.20210000267252
Hybrid_RRF_BM25_E5,Q002,0.6,0.25,1.0,0.6,0.6379365213265478,0.6,0.5,1.0,0.4863095238095238,0.6512429477178905,177.24720000114758
Hybrid_RRF_BM25_E5,Q003,1.0,0.29411764705882354,1.0,1.0,1.0,1.0,0.5882352941176471,1.0,1.0,0.9289904714111867,163.1509999933769
Hybrid_RRF_BM25_E5,Q004,1.0,0.3125,1.0,1.0,0.9269658250786468,1.0,0.625,1.0,1.0,0.9425152833582713,195.06420000107028
Hybrid_RRF_BM25_E5,Q005,1.0,0.5,1.0,1.0,1.0,1.0,1.0,1.0,1.0,0.9970854744993277,192.01669999893056
Hybrid_RRF_BM25_E5,Q006,1.0,0.5555555555555556,1.0,1.0,1.0,0.8,0.8888888888888888,1.0,0.8467813051146383,0.9162750860008065,185.43610000051558
Hybrid_RRF_BM25_E5,Q007,0.8,0.4,1.0,0.8,0.8516298262486962,0.8,0.8,1.0,0.7268253968253967,0.8812231188716247,179.41140000039013
Hybrid_RRF_BM25_E5,Q008,0.4,0.25,1.0,0.4,0.6663180938082345,0.2,0.25,1.0,0.25,0.531129221783428,140.45879999321187
Hybrid_RRF_BM25_E5,Q009,0.6,0.3,1.0,0.4833333333333333,0.5769742446711539,0.4,0.4,1.0,0.3083333333333333,0.4924547332452134,131.8777999986196
Hybrid_RRF_BM25_E5,Q010,0.8,0.4,1.0,0.8,0.795760747566305,0.8,0.8,1.0,0.716111111111111,0.7970378567641914,353.8055000026361
Hybrid_RRF_BM25_E5,Q011,1.0,0.3125,1.0,1.0,1.0,1.0,0.625,1.0,1.0,1.0,183.93539999669883
Hybrid_RRF_BM25_E5,Q012,1.0,0.2631578947368421,1.0,1.0,0.934397461243829,1.0,0.5263157894736842,1.0,1.0,0.9574284411791895,135.93650000257185
Hybrid_RRF_BM25_E5,Q013,1.0,0.38461538461538464,1.0,1.0,0.934397461243829,0.9,0.6923076923076923,1.0,0.8788888888888889,0.9102101416468357,154.48749999632128
Hybrid_RRF_BM25_E5,Q014,1.0,0.3125,1.0,1.0,1.0,1.0,0.625,1.0,1.0,1.0,162.07240000221645
Hybrid_RRF_BM25_E5,Q015,1.0,0.45454545454545453,1.0,1.0,1.0,0.9,0.8181818181818182,1.0,0.9,0.9531840089071755,160.26350000174716
Hybrid_RRF_BM25_E5,Q016,1.0,0.23809523809523808,1.0,1.0,0.8274043288765652,1.0,0.47619047619047616,1.0,1.0,0.814082473784686,165.1304999977583
Hybrid_RRF_BM25_E5,Q017,1.0,0.2777777777777778,1.0,1.0,1.0,1.0,0.5555555555555556,1.0,1.0,0.9334739949321356,165.6756000011228
Hybrid_RRF_BM25_E5,Q018,1.0,0.4166666666666667,1.0,1.0,0.9015629611050541,0.9,0.75,1.0,0.8788888888888889,0.9277650263815923,133.84100000257604
Hybrid_RRF_BM25_E5,Q019,1.0,0.2777777777777778,1.0,1.0,0.8082168163143322,1.0,0.5555555555555556,1.0,1.0,0.7665376292224905,129.9360999983037
Hybrid_RRF_BM25_E5,Q020,1.0,0.2631578947368421,1.0,1.0,0.8274043288765652,0.8,0.42105263157894735,1.0,0.788888888888889,0.8236413490123193,145.64180000161286
Hybrid_RRF_BM25_E5,Q021,1.0,0.2631578947368421,1.0,1.0,0.7765732350040719,0.9,0.47368421052631576,1.0,0.8521031746031745,0.7766130484412189,150.5338000060874
Hybrid_RRF_BM25_E5,Q022,0.8,0.26666666666666666,1.0,0.76,0.7691415988388896,0.5,0.3333333333333333,1.0,0.4425,0.6474930656218774,163.675299998431
Hybrid_RRF_BM25_E5,Q023,0.8,0.4444444444444444,1.0,0.71,0.830419897363192,0.7,0.7777777777777778,1.0,0.668694885361552,0.8379743669052565,148.37969999643974
Hybrid_RRF_BM25_E5,Q024,0.2,1.0,1.0,1.0,1.0,0.1,1.0,1.0,1.0,1.0,158.97360000235494
Hybrid_RRF_BM25_E5,Q025,0.8,0.5714285714285714,1.0,0.8,0.8687949224876582,0.6,0.8571428571428571,1.0,0.8129251700680271,0.8936633189697701,203.70769999863114
Hybrid_RRF_BM25_E5,Q026,0.8,0.3333333333333333,1.0,0.76,0.7691415988388896,0.6,0.5,1.0,0.5114285714285713,0.6304377069829087,158.65119999944
Hybrid_RRF_BM25_E5,Q027,1.0,0.35714285714285715,1.0,1.0,1.0,0.9,0.6428571428571429,1.0,0.8521031746031745,0.9216017310213247,135.08030000230065
Hybrid_RRF_BM25_E5,Q028,0.8,0.17391304347826086,1.0,0.8,0.9020243604942442,0.9,0.391304347826087,1.0,0.8354365079365079,0.930215808356812,164.77260000101523
Hybrid_RRF_BM25_E5,Q029,1.0,0.21739130434782608,1.0,1.0,0.934397461243829,1.0,0.43478260869565216,1.0,1.0,0.9227128302108011,137.48149999446468
Hybrid_RRF_BM25_E5,Q030,1.0,0.4166666666666667,1.0,1.0,0.9218382134470557,0.8,0.6666666666666666,1.0,0.8,0.9064674596330919,147.9585999986739
Hybrid_RRF_BM25_E5,Q031,1.0,0.38461538461538464,1.0,1.0,1.0,0.8,0.6153846153846154,1.0,0.8,0.8701249883466594,139.40630000433885
Hybrid_RRF_BM25_E5,Q032,1.0,0.4166666666666667,1.0,1.0,1.0,1.0,0.8333333333333334,1.0,1.0,1.0,123.64729999535484
Hybrid_RRF_BM25_E5,Q033,0.8,0.36363636363636365,1.0,0.8,0.8869319520076296,0.7,0.6363636363636364,1.0,0.6361111111111111,0.81534007048497,148.80930000072112
Hybrid_RRF_BM25_E5,Q034,0.8,0.36363636363636365,1.0,0.6433333333333333,0.8402086144048716,0.7,0.6363636363636364,1.0,0.5416666666666667,0.7691504887666947,164.1622000024654
Hybrid_RRF_BM25_E5,Q035,1.0,0.2,1.0,1.0,1.0,1.0,0.4,1.0,1.0,1.0,156.6300999984378
Hybrid_RRF_BM25_E5,Q036,0.6,0.375,1.0,0.6,0.6163989078593143,0.4,0.5,1.0,0.4375,0.6182800358435749,127.97230000433046
Hybrid_RRF_BM25_E5,Q037,0.0,0.0,0.0,0.0,0.0,0.0,0.0,0.0,0.0,0.0,138.06850000401028
Hybrid_RRF_BM25_E5,Q038,1.0,0.45454545454545453,1.0,1.0,0.8622240278900382,0.6,0.5454545454545454,1.0,0.6,0.7548597825512585,120.77290000161156
Hybrid_RRF_BM25_E5,Q039,1.0,0.45454545454545453,1.0,1.0,1.0,0.8,0.7272727272727273,1.0,0.8,0.8701249883466594,110.0631000008434
Hybrid_RRF_BM25_E5,Q040,0.4,0.5,1.0,0.35,0.6701618871885437,0.2,0.5,1.0,0.35,0.6701618871885437,128.39789999998175
Hybrid_RRF_BM25_E5,Q041,0.8,0.5,1.0,0.76,0.7529334028221761,0.5,0.625,1.0,0.5444444444444444,0.6829921619712098,145.14480000070762
Hybrid_RRF_BM25_E5,Q042,0.8,0.4444444444444444,1.0,0.76,0.7035390600827187,0.6,0.6666666666666666,1.0,0.5657407407407408,0.7119443796769424,166.31130000314442
Hybrid_RRF_BM25_E5,Q043,0.8,0.3333333333333333,1.0,0.8,0.7269646325453768,0.7,0.5833333333333334,1.0,0.6565476190476189,0.7038053996242601,154.9135000022943
Hybrid_RRF_BM25_E5,Q044,0.4,0.6666666666666666,1.0,0.6666666666666666,0.8403030283801005,0.3,1.0,1.0,0.7666666666666666,0.9326285831096983,179.81390000204556
Hybrid_RRF_BM25_E5,Q045,1.0,0.8333333333333334,1.0,1.0,1.0,0.6,1.0,1.0,1.0,1.0,383.5460000045714
Hybrid_RRF_BM25_E5,Q046,0.8,0.6666666666666666,1.0,0.6433333333333333,0.7135769373515951,0.6,1.0,1.0,0.7749999999999999,0.8044296892229231,120.88430000585504
Hybrid_RRF_BM25_E5,Q047,0.8,0.26666666666666666,1.0,0.8,0.710970696247901,0.9,0.6,1.0,0.8354365079365079,0.900741664398967,173.90590000286466
Hybrid_RRF_BM25_E5,Q048,0.6,0.21428571428571427,1.0,0.42000000000000004,0.7135769373515951,0.7,0.5,1.0,0.4758333333333334,0.7358622867362088,171.50689999834867
Hybrid_RRF_BM25_E5,Q049,1.0,0.38461538461538464,1.0,1.0,0.669580102636808,0.9,0.6923076923076923,1.0,0.89,0.8249302126469561,166.17009999754373
Hybrid_RRF_BM25_E5,Q050,0.6,0.375,1.0,0.4533333333333333,0.6445077738041922,0.6,0.75,1.0,0.5111111111111111,0.7521233187456191,159.1889999981504
Hybrid_RRF_BM25_E5,Q051,0.6,0.6,1.0,0.4533333333333333,0.6304013237664882,0.4,0.8,1.0,0.5676190476190476,0.775981156629617,127.94369999755872
Hybrid_RRF_BM25_E5,Q052,1.0,0.3333333333333333,1.0,1.0,1.0,0.9,0.6,1.0,0.8788888888888889,0.8974416663360284,143.77690000401344
Hybrid_RRF_BM25_E5,Q053,0.6,0.2,1.0,0.4833333333333333,0.5817744828317774,0.7,0.4666666666666667,1.0,0.4979761904761905,0.6502019873213738,145.41129999997793
Hybrid_RRF_BM25_E5,Q054,1.0,0.17857142857142858,1.0,1.0,1.0,1.0,0.35714285714285715,1.0,1.0,1.0,253.8215999957174
Hybrid_RRF_BM25_E5,Q055,0.8,0.16,1.0,0.71,0.7234267649959281,0.9,0.36,1.0,0.7904365079365079,0.788712500814707,145.40370000031544
Hybrid_RRF_BM25_E5,Q056,1.0,0.22727272727272727,1.0,1.0,0.8613632863224759,0.9,0.4090909090909091,1.0,0.9,0.7374052635292503,141.13400000496767
Hybrid_RRF_BM25_E5,Q057,0.8,0.2,1.0,0.71,0.830419897363192,0.8,0.4,1.0,0.691547619047619,0.823699893396571,185.4211000027135
Hybrid_RRF_BM25_E5,Q058,0.8,0.23529411764705882,1.0,0.71,0.830419897363192,0.8,0.47058823529411764,1.0,0.6592063492063491,0.7797454537728088,144.58010000089416
Hybrid_RRF_BM25_E5,Q059,1.0,0.21739130434782608,1.0,1.0,1.0,1.0,0.43478260869565216,1.0,1.0,0.9260852545422738,149.99149999493966
Hybrid_RRF_BM25_E5,Q060,1.0,0.25,1.0,1.0,0.7573857224418385,0.6,0.3,1.0,0.5666666666666667,0.5246186217252258,116.44280000473373
Hybrid_RRF_BM25_E5,Q061,0.8,0.36363636363636365,1.0,0.8,0.7626089347265247,0.6,0.5454545454545454,1.0,0.5464285714285715,0.6706759082999878,139.08519999677083
Hybrid_RRF_BM25_E5,Q062,0.8,0.36363636363636365,1.0,0.8,0.6338006170256999,0.6,0.5454545454545454,1.0,0.5314285714285714,0.6260254274113686,118.69899999874178
Hybrid_RRF_BM25_E5,Q063,1.0,0.5,1.0,1.0,0.934397461243829,0.8,0.8,1.0,0.7577777777777778,0.8413985155163408,117.68299999675946
Hybrid_RRF_BM25_E5,Q064,0.8,0.4,1.0,0.76,0.6843515475204855,0.7,0.7,1.0,0.6365476190476189,0.7301154807654922,115.9786999996868
Hybrid_RRF_BM25_E5,Q065,0.6,0.375,1.0,0.6,0.6827250156238165,0.5,0.625,1.0,0.5069444444444444,0.7204555990987473,102.94319999957224
Hybrid_RRF_BM25_E5,Q066,1.0,0.25,1.0,1.0,0.9562707599036264,0.9,0.45,1.0,0.866388888888889,0.9135820760373291,120.35640000249259
Hybrid_RRF_BM25_E5,Q067,0.2,0.3333333333333333,0.25,0.08333333333333333,0.2289700384906115,0.1,0.3333333333333333,0.25,0.08333333333333333,0.2289700384906115,113.45510000683134
Hybrid_RRF_BM25_E5,Q068,0.8,0.25,1.0,0.6433333333333333,0.6473770215879483,0.9,0.5625,1.0,0.7571031746031747,0.7761959106435349,108.9057999997749
Hybrid_RRF_BM25_E5,Q069,1.0,0.2631578947368421,1.0,1.0,0.7426142775581612,1.0,0.5263157894736842,1.0,1.0,0.7937751431785546,112.21590000059223
Hybrid_RRF_BM25_E5,Q070,1.0,0.3125,1.0,1.0,0.934397461243829,1.0,0.625,1.0,1.0,0.9513649879306427,118.30870000267169
Hybrid_RRF_BM25_E5,Q071,1.0,0.35714285714285715,1.0,1.0,1.0,0.9,0.6428571428571429,1.0,0.866388888888889,0.8807379538533548,109.8615000009886
Hybrid_RRF_BM25_E5,Q072,1.0,0.35714285714285715,1.0,1.0,0.9015629611050541,1.0,0.7142857142857143,1.0,1.0,0.9250878991435042,122.21970000246074
Hybrid_RRF_BM25_E5,Q073,1.0,0.38461538461538464,1.0,1.0,1.0,1.0,0.7692307692307693,1.0,1.0,1.0,109.25599999609403
Hybrid_RRF_BM25_E5,Q074,1.0,0.29411764705882354,1.0,1.0,1.0,1.0,0.5882352941176471,1.0,1.0,1.0,116.4059999937308
Hybrid_RRF_BM25_E5,Q075,1.0,0.25,1.0,1.0,0.7530391532426916,1.0,0.5,1.0,1.0,0.816838326737177,104.1689999983646
Hybrid_RRF_BM25_E5,Q076,1.0,0.2,1.0,1.0,0.565602538756171,1.0,0.4,1.0,1.0,0.6683569402340382,120.52059999405174
Hybrid_RRF_BM25_E5,Q077,1.0,0.3125,1.0,1.0,1.0,0.9,0.5625,1.0,0.866388888888889,0.9575275548320975,99.03370000392897
Hybrid_RRF_BM25_E5,Q078,0.2,0.25,1.0,0.25,0.2807721888661444,0.1,0.25,1.0,0.25,0.2807721888661444,97.9663999969489
Hybrid_RRF_BM25_E5,Q079,1.0,0.2631578947368421,1.0,1.0,0.8031259222101079,1.0,0.5263157894736842,1.0,1.0,0.8501757982870085,107.4533999999403
Hybrid_RRF_BM25_E5,Q080,1.0,0.29411764705882354,1.0,1.0,1.0,1.0,0.5882352941176471,1.0,1.0,0.8967920338824557,110.52919999929145
Hybrid_RRF_BM25_E5,Q081,1.0,0.2777777777777778,1.0,1.0,1.0,1.0,0.5555555555555556,1.0,1.0,1.0,101.7747000005329
Hybrid_RRF_BM25_E5,Q082,1.0,0.3125,1.0,1.0,0.8421757737602428,0.7,0.4375,1.0,0.6557142857142857,0.790437611263809,98.7094999945839
Hybrid_RRF_BM25_E5,Q083,0.6,0.42857142857142855,1.0,0.42000000000000004,0.4468535299918563,0.6,0.8571428571428571,1.0,0.5797619047619048,0.6497319745211277,99.52160000102594
Hybrid_RRF_BM25_E5,Q084,1.0,0.2,1.0,1.0,1.0,1.0,0.4,1.0,1.0,1.0,108.02080000576098
Hybrid_RRF_BM25_E5,Q085,0.8,0.17391304347826086,1.0,0.8,0.8687949224876582,0.8,0.34782608695652173,1.0,0.736547619047619,0.8359969157712831,111.94789999717614
Hybrid_RRF_BM25_E5,Q086,0.8,0.2222222222222222,1.0,0.76,0.7035390600827187,0.9,0.5,1.0,0.8154365079365078,0.81560469928515,116.24529999971855
Hybrid_RRF_BM25_E5,Q087,1.0,0.625,1.0,1.0,1.0,0.7,0.875,1.0,0.875,0.9533848674192386,115.27570000180276
Hybrid_RRF_BM25_E5,Q088,1.0,0.45454545454545453,1.0,1.0,0.8310951893751204,0.9,0.8181818181818182,1.0,0.9,0.9208316555377708,115.91240000416292
Hybrid_RRF_BM25_E5,Q089,1.0,0.38461538461538464,1.0,1.0,1.0,0.9,0.6923076923076923,1.0,0.866388888888889,0.9184341801285689,114.29180000413908
Hybrid_RRF_BM25_E5,Q090,1.0,0.35714285714285715,1.0,1.0,0.9714089025373848,0.9,0.6428571428571429,1.0,0.866388888888889,0.9248094733000831,106.17009999987204
Hybrid_RRF_BM25_E5,Q091,1.0,0.4166666666666667,1.0,1.0,0.8613632863224759,0.9,0.75,1.0,0.89,0.8892829029428538,100.77209999872139
Hybrid_RRF_BM25_E5,Q092,1.0,0.3333333333333333,1.0,1.0,0.9269658250786468,0.9,0.6,1.0,0.89,0.949240345720086,122.86529999983031
Hybrid_RRF_BM25_E5,Q093,1.0,0.29411764705882354,1.0,1.0,1.0,1.0,0.5882352941176471,1.0,1.0,0.952513875918987,136.54809999570716
Hybrid_RRF_BM25_E5,Q094,1.0,0.3333333333333333,1.0,1.0,1.0,0.8,0.5333333333333333,1.0,0.8,0.9115895143615966,118.87639999622479
Hybrid_RRF_BM25_E5,Q095,0.8,0.18181818181818182,1.0,0.8,0.7840048711692542,0.9,0.4090909090909091,1.0,0.8354365079365079,0.8685746980194025,157.41159999743104
Hybrid_RRF_BM25_E5,Q096,0.8,0.16666666666666666,0.5,0.5433333333333333,0.6608397947263839,0.8,0.3333333333333333,0.5,0.5877777777777778,0.7065443116025598,133.58779999543913
Hybrid_RRF_BM25_E5,Q097,1.0,0.2,1.0,1.0,1.0,1.0,0.4,1.0,1.0,0.932157277304417,140.05090000136988
Hybrid_RRF_BM25_E5,Q098,1.0,0.3125,1.0,1.0,0.934397461243829,1.0,0.625,1.0,1.0,0.9227128302108011,155.50490000168793
Hybrid_RRF_BM25_E5,Q099,0.4,0.14285714285714285,0.25,0.13,0.21167088859887737,0.4,0.2857142857142857,0.25,0.1523015873015873,0.24029610769443036,127.38769999850774
Hybrid_RRF_BM25_E5,Q100,1.0,0.18518518518518517,1.0,1.0,1.0,1.0,0.37037037037037035,1.0,1.0,1.0,119.58659999800147
